iteration,exploitability
1000,0.21551
2000,0.62697
3000,0.38101
4000,0.31812
5000,0.45158
6000,0.36942
