old_claim,new_claim,doubt,accept
0,1,0.00000,1.00000
0,2,0.00000,1.00000
0,3,1.00000,0.00000
0,4,0.74548,0.25452
0,5,1.00000,0.00000
0,6,-1.00000,1.00000
1,2,0.00000,1.00000
1,3,1.00000,0.00000
1,4,0.00000,1.00000
1,5,1.00000,0.00000
1,6,-1.00000,1.00000
2,3,0.64108,0.35892
2,4,1.00000,0.00000
2,5,1.00000,0.00000
2,6,-1.00000,1.00000
3,4,1.00000,0.00000
3,5,1.00000,0.00000
3,6,-1.00000,1.00000
4,5,1.00000,0.00000
4,6,-1.00000,1.00000
5,6,-1.00000,1.00000
